weapon,composition,min_damage,max_damage,speed,knockback,crit_chance,crit_multiplier,life_steal_rate
Sword,copper,15,21,0,0.8,0.02,3,0
Sword,iron,25,35,0,0.84,0.02,3,0
Sword,gold,30,42,-1,0.96,0.02,3,0
Sword,iridium,45,63,-1,0.92,0.02,3,0
Sword,diamond,30,42,1,0.74,0.02,3,0
Sword,iron80_ruby20,28,40,0,0.824,0.02,3,0
Sword,refined_iron60_jade20_amethyst20,26,37,0,0.96,0.02,3,0.03
Dagger,copper,9,12,2,0.3,0.02,3,0
Dagger,iron,15,20,2,0.32,0.02,3,0
Dagger,gold,18,24,1,0.38,0.02,3,0
Dagger,iridium,27,36,1,0.36,0.02,3,0
Dagger,diamond,18,24,2,0.27,0.02,3,0
Dagger,iron80_ruby20,17,23,2,0.312,0.02,3,0
Dagger,refined_iron60_jade20_amethyst20,16,21,2,0.36,0.02,3,0.03
Hammer,copper,21,30,-2,1.4,0.02,3,0
Hammer,iron,35,50,-2,1.48,0.02,3,0
Hammer,gold,42,60,-4,1.72,0.02,3,0
Hammer,iridium,63,90,-3,1.64,0.02,3,0
Hammer,diamond,42,60,-1,1.28,0.02,3,0
Hammer,iron80_ruby20,40,57,-2,1.448,0.02,3,0
Hammer,refined_iron60_jade20_amethyst20,37,53,-2,1.68,0.02,3,0.03
